"variant_id"	"sample_id"	"qual"	"filter"	"rsID"	"kav_pct"	"kav_count"	"gene_name"	"chr"	"pos"	"ref"	"nb_alt"	"nb_gt"	"parent_alt"	"parent_gt"	"parent"
"1"	"HSD17B1:17:40702252"	"102-01197-03"	62	"PASS"	"rs62075836"	7.87781029939651	1323	"HSD17B1"	"17"	40702252	"C"	"T"	"0/1"	NA	"0/0"	"F"
"2"	"HSD17B1:17:40702760"	"102-01197-03"	85	"PASS"	"rs184482331"	1.54817001894116	260	"HSD17B1"	"17"	40702760	"C"	"T"	"0/1"	"T"	"1/1"	"M"
"3"	"HSD17B13:4:88225032"	"102-01197-03"	945	"PASS"	"rs201024861"	0.0119099997391459	2	"HSD17B13"	"4"	88225032	"T"	"TGTTA"	"0/1"	"TGTTA"	"0/1"	"M"
"4"	"HSD17B13:4:88225032"	"102-01197-03"	945	"PASS"	"rs201024861"	0.0119099997391459	2	"HSD17B13"	"4"	88225032	"T"	"TGTTA"	"0/1"	"TGTTA"	"0/1"	"F"
"5"	"HSD17B13:4:88238293"	"102-01197-03"	117	"PASS"	"rs201763274"	0.0208700002986006	30	"HSD17B13"	"4"	88238293	"T"	"C"	"0/1"	"C"	"0/1"	"M"
"6"	"HSD17B4:5:118788196"	"102-01197-03"	194	"PASS"	"rs26180"	6.7281998693943	9673	"HSD17B4"	"5"	118788196	"C"	"G"	"0/1"	"G"	"0/1"	"M"
"7"	"HSD17B4:5:118831460"	"102-01197-03"	209	"PASS"	"rs80063787"	2.12008003145456	3048	"HSD17B4"	"5"	118831460	"G"	"A"	"0/1"	"A"	"0/1"	"M"
"8"	"HSD17B4:5:118970770"	"102-01197-03"	186	"PASS"	NA	NA	NA	"HSD17B4"	"5"	118970770	"C"	"T"	"0/1"	"T"	"1/1"	"F"
"9"	"HSD17B7P2:10:38667003"	"102-01197-03"	135	"PASS"	"rs2804622"	3.63849997520447	5231	"HSD17B7P2"	"10"	38667003	"A"	"G"	"0/1"	"G"	"1/1"	"F"
"10"	"HSD17B7P2:10:38667003"	"102-01197-03"	135	"PASS"	"rs2804622"	3.63849997520447	5231	"HSD17B7P2"	"10"	38667003	"A"	"G"	"0/1"	"G"	"0/1"	"M"
"11"	"HSD17B7P2:10:38667067"	"102-01197-03"	144	"PASS"	"rs571149853"	0.0238199994782917	4	"HSD17B7P2"	"10"	38667067	"A"	"G"	"0/1"	"G"	"0/1"	"F"
